id,first_name,last_name,email,gender,ip_address
1,Abigail,Marco,amarco0@sina.com.cn,Female,32.147.207.23
2,Derril,Knee,dknee1@ox.ac.uk,Male,89.136.51.33
3,Cheslie,Last,clast2@sfgate.com,Agender,83.67.17.154
4,Alford,Iskov,aiskov3@nifty.com,Male,142.5.170.175
5,Maurits,Mableson,mmableson4@unesco.org,Male,199.52.87.202
6,Rafael,Sor,rsor5@exblog.jp,Male,206.55.1.167
7,Jerry,Binfield,jbinfield6@shop-pro.jp,Non-binary,96.53.200.26
8,Archibaldo,Quartermaine,aquartermaine7@i2i.jp,Male,182.221.231.167
9,Ginger,Cess,gcess8@usnews.com,Female,157.42.47.132
10,Lem,Pardon,lpardon9@paypal.com,Male,146.66.44.230
11,Shepard,Thumnel,sthumnela@bloomberg.com,Male,156.70.204.160
12,Lee,Ryley,lryleyb@seesaa.net,Female,0.131.182.161
13,Eric,Baptie,ebaptiec@icio.us,Male,251.96.250.15
14,Kerk,Yokley,kyokleyd@nydailynews.com,Male,102.99.16.40
15,Simone,Peteri,speterie@wiley.com,Male,206.182.118.242
16,Jamie,Iwanowski,jiwanowskif@cafepress.com,Female,113.168.64.30
17,Wandie,MacBean,wmacbeang@purevolume.com,Female,65.191.173.28
18,Burgess,Blucher,bblucherh@google.it,Male,199.176.213.226
19,Abram,Moules,amoulesi@reverbnation.com,Male,185.94.141.191
20,Sallyanne,Duligall,sduligallj@utexas.edu,Female,168.194.107.87
21,Esma,Fley,efleyk@yahoo.com,Female,92.59.58.67
22,Nanete,Dinwoodie,ndinwoodiel@altervista.org,Female,190.74.72.51
23,Sonia,Norwood,snorwoodm@tmall.com,Bigender,164.175.166.250
24,Janie,Gyves,jgyvesn@exblog.jp,Female,172.222.204.30
25,Anne,Massei,amasseio@free.fr,Female,113.72.128.171
26,Lurleen,Boulds,lbouldsp@epa.gov,Female,130.63.40.227
27,Caria,Lattimore,clattimoreq@webnode.com,Female,246.8.187.103
28,Florencia,Rowlson,frowlsonr@sphinn.com,Female,54.32.191.140
29,Patti,Jope,pjopes@ameblo.jp,Female,149.10.1.152
30,Morgan,Helmke,mhelmket@wordpress.org,Female,220.189.219.132
31,Vincenty,Symers,vsymersu@chron.com,Male,172.115.41.193
32,Titos,Duckett,tduckettv@blogger.com,Male,121.7.137.10
33,Joete,Avraam,javraamw@cisco.com,Female,138.95.140.133
34,Mandi,Dammarell,mdammarellx@ucoz.com,Female,93.198.139.241
35,Beryl,Paradin,bparadiny@sbwire.com,Female,75.79.86.58
36,Ernestus,Boulder,eboulderz@youtube.com,Male,90.135.173.58
37,Claretta,Shemelt,cshemelt10@noaa.gov,Female,102.80.73.49
38,Rudiger,Weiner,rweiner11@ifeng.com,Male,59.170.222.223
39,Suzy,Borris,sborris12@spotify.com,Female,191.32.226.42
40,Derek,Lang,dlang13@twitpic.com,Polygender,236.112.46.49
41,Salem,Petofi,spetofi14@columbia.edu,Male,46.142.26.210
42,Francene,Kaemena,fkaemena15@home.pl,Genderqueer,245.229.243.28
43,Malvina,Emblem,memblem16@msu.edu,Female,121.163.227.92
44,Anthony,Tratton,atratton17@reuters.com,Male,86.161.23.70
45,Dukey,Sherebrooke,dsherebrooke18@phpbb.com,Male,212.190.110.93
46,Dyane,Halfacre,dhalfacre19@123-reg.co.uk,Female,53.51.229.20
47,Moses,Snawdon,msnawdon1a@dyndns.org,Male,226.247.32.104
48,Forster,Stansfield,fstansfield1b@techcrunch.com,Male,50.192.20.178
49,Nevins,Radish,nradish1c@dell.com,Male,57.220.16.41
50,Gaston,McKeveney,gmckeveney1d@berkeley.edu,Male,252.91.31.124
51,Mignonne,Lahiff,mlahiff1e@upenn.edu,Female,20.92.99.39
52,Cissy,Cawthron,ccawthron1f@chicagotribune.com,Female,203.43.38.216
53,Frankie,Jakeman,fjakeman1g@over-blog.com,Female,211.16.167.81
54,Stanislas,Gauge,sgauge1h@sbwire.com,Bigender,123.129.233.96
55,Wells,Lemerle,wlemerle1i@intel.com,Male,25.163.217.226
56,Rosalinda,Toynbee,rtoynbee1j@so-net.ne.jp,Female,216.192.218.113
57,Phil,Parrington,pparrington1k@digg.com,Male,113.138.29.232
58,Salomo,Binnion,sbinnion1l@shinystat.com,Male,179.219.220.198
59,Omar,Twort,otwort1m@360.cn,Male,78.171.120.3
60,Xerxes,Ellingham,xellingham1n@telegraph.co.uk,Male,230.125.195.48
61,Yoshiko,Balstone,ybalstone1o@themeforest.net,Agender,175.168.10.128
62,Ranice,Kovacs,rkovacs1p@clickbank.net,Female,192.121.84.29
63,Gonzalo,Zuan,gzuan1q@nsw.gov.au,Male,81.119.105.76
64,Agnesse,De'Ath,adeath1r@printfriendly.com,Female,173.249.148.65
65,Rowland,Purslow,rpurslow1s@microsoft.com,Male,147.137.16.223
66,Link,Duggleby,lduggleby1t@hhs.gov,Male,14.93.142.136
67,Wolfgang,Kenan,wkenan1u@weibo.com,Male,81.198.154.168
68,Magdalena,Martel,mmartel1v@nyu.edu,Female,51.149.131.245
69,Ernest,Chisolm,echisolm1w@guardian.co.uk,Male,205.5.53.118
70,Palmer,Scarsbrick,pscarsbrick1x@wikimedia.org,Male,178.241.226.205
71,Michelina,Wogdon,mwogdon1y@fastcompany.com,Female,66.76.234.51
72,Ashlen,Botte,abotte1z@wix.com,Female,175.54.179.223
73,Felice,Gaveltone,fgaveltone20@salon.com,Agender,95.152.129.40
74,Debora,Chaperling,dchaperling21@multiply.com,Female,5.51.199.12
75,Nicolle,Scarbarrow,nscarbarrow22@tinyurl.com,Female,136.20.52.167
76,Alastair,Huckleby,ahuckleby23@de.vu,Male,97.20.139.83
77,Noam,Dionisetto,ndionisetto24@sfgate.com,Male,84.54.237.49
78,Dorelle,Stitfall,dstitfall25@godaddy.com,Female,44.55.182.4
79,Margie,Boydle,mboydle26@elpais.com,Female,46.81.251.18
80,Sauveur,Elster,selster27@hud.gov,Male,95.99.110.51
81,Ezequiel,O'Dougherty,eodougherty28@yolasite.com,Male,116.163.244.33
82,Westbrooke,Deverson,wdeverson29@chron.com,Male,222.129.131.99
83,Corenda,Crocombe,ccrocombe2a@bing.com,Female,227.44.150.248
84,Reta,Dobrovsky,rdobrovsky2b@vk.com,Female,142.172.158.96
85,Gustav,Klulicek,gklulicek2c@devhub.com,Male,6.29.177.248
86,Hynda,Lighton,hlighton2d@purevolume.com,Female,79.193.209.157
87,Trude,Finlayson,tfinlayson2e@dropbox.com,Female,222.213.98.68
88,Ware,Burns,wburns2f@wsj.com,Male,253.31.206.217
89,Tedda,Hughlin,thughlin2g@nyu.edu,Female,140.54.3.77
90,Addison,Bax,abax2h@gmpg.org,Male,172.34.48.102
91,Joline,O' Ronan,joronan2i@chronoengine.com,Female,253.234.3.209
92,Amil,Bavister,abavister2j@pcworld.com,Female,31.100.130.91
93,Marietta,Leefe,mleefe2k@aol.com,Male,243.242.75.106
94,Loria,Pauncefort,lpauncefort2l@ft.com,Female,25.102.104.32
95,Juieta,MacGuigan,jmacguigan2m@zimbio.com,Female,247.44.79.140
96,Gertrudis,Corser,gcorser2n@cnet.com,Female,204.77.8.244
97,Alain,Blaasch,ablaasch2o@joomla.org,Male,210.103.153.130
98,Garrek,Jerman,gjerman2p@amazonaws.com,Male,156.3.115.43
99,Hanna,Gori,hgori2q@icio.us,Female,169.30.134.185
100,Bone,Gorstidge,bgorstidge2r@51.la,Male,60.216.106.200
